{"/*":["X-Frame-Options: DENY","X-XSS-Protection: 1; mode=block","X-Content-Type-Options: nosniff","Referrer-Policy: same-origin"],"/styles.782ee19a23fd541c41b0.css":["Cache-Control: public, max-age=31536000, immutable"],"/commons-0bf677381cade00165ef.js":["Cache-Control: public, max-age=31536000, immutable"],"/component---src-pages-404-js-87ed337f26418eca33df.js":["Cache-Control: public, max-age=31536000, immutable"],"/1bfc9850-7e965aec1cd6725eba17.js":["Cache-Control: public, max-age=31536000, immutable"],"/1a48c3c1-fc816a3413390d05b189.js":["Cache-Control: public, max-age=31536000, immutable"],"/d7eeaac4-bd2b7ded11bdea622644.js":["Cache-Control: public, max-age=31536000, immutable"],"/component---src-pages-index-js-4a2a75a8873e2ce0ed70.js":["Cache-Control: public, max-age=31536000, immutable"],"/component---src-pages-page-2-js-4bebeb4b10d0d8bfe8e7.js":["Cache-Control: public, max-age=31536000, immutable"],"/component---src-pages-using-typescript-tsx-e57aa43080a30b22226a.js":["Cache-Control: public, max-age=31536000, immutable"],"/webpack-runtime-283c5d5db30033ae58ac.js":["Cache-Control: public, max-age=31536000, immutable"],"/framework-e886f61ee3e03a6355e5.js":["Cache-Control: public, max-age=31536000, immutable"],"/app-7a699b0a282633190fa8.js":["Cache-Control: public, max-age=31536000, immutable"],"/static/*":["Cache-Control: public, max-age=31536000, immutable"],"/sw.js":["Cache-Control: public, max-age=0, must-revalidate"],"/404/":["Link: </webpack-runtime-283c5d5db30033ae58ac.js>; rel=preload; as=script; nopush","Link: </framework-e886f61ee3e03a6355e5.js>; rel=preload; as=script; nopush","Link: </app-7a699b0a282633190fa8.js>; rel=preload; as=script; nopush","Link: </commons-0bf677381cade00165ef.js>; rel=preload; as=script; nopush","Link: </component---src-pages-404-js-87ed337f26418eca33df.js>; rel=preload; as=script; nopush","Link: </page-data/app-data.json>; rel=preload; as=fetch; crossorigin; nopush","Link: </page-data/404/page-data.json>; rel=preload; as=fetch; crossorigin; nopush"],"/":["Link: </webpack-runtime-283c5d5db30033ae58ac.js>; rel=preload; as=script; nopush","Link: </framework-e886f61ee3e03a6355e5.js>; rel=preload; as=script; nopush","Link: </app-7a699b0a282633190fa8.js>; rel=preload; as=script; nopush","Link: </1bfc9850-7e965aec1cd6725eba17.js>; rel=preload; as=script; nopush","Link: </1a48c3c1-fc816a3413390d05b189.js>; rel=preload; as=script; nopush","Link: </d7eeaac4-bd2b7ded11bdea622644.js>; rel=preload; as=script; nopush","Link: </commons-0bf677381cade00165ef.js>; rel=preload; as=script; nopush","Link: </component---src-pages-index-js-4a2a75a8873e2ce0ed70.js>; rel=preload; as=script; nopush","Link: </page-data/app-data.json>; rel=preload; as=fetch; crossorigin; nopush","Link: </page-data/index/page-data.json>; rel=preload; as=fetch; crossorigin; nopush"],"/page-2/":["Link: </webpack-runtime-283c5d5db30033ae58ac.js>; rel=preload; as=script; nopush","Link: </framework-e886f61ee3e03a6355e5.js>; rel=preload; as=script; nopush","Link: </app-7a699b0a282633190fa8.js>; rel=preload; as=script; nopush","Link: </commons-0bf677381cade00165ef.js>; rel=preload; as=script; nopush","Link: </component---src-pages-page-2-js-4bebeb4b10d0d8bfe8e7.js>; rel=preload; as=script; nopush","Link: </page-data/app-data.json>; rel=preload; as=fetch; crossorigin; nopush","Link: </page-data/page-2/page-data.json>; rel=preload; as=fetch; crossorigin; nopush"],"/using-typescript/":["Link: </webpack-runtime-283c5d5db30033ae58ac.js>; rel=preload; as=script; nopush","Link: </framework-e886f61ee3e03a6355e5.js>; rel=preload; as=script; nopush","Link: </app-7a699b0a282633190fa8.js>; rel=preload; as=script; nopush","Link: </commons-0bf677381cade00165ef.js>; rel=preload; as=script; nopush","Link: </component---src-pages-using-typescript-tsx-e57aa43080a30b22226a.js>; rel=preload; as=script; nopush","Link: </page-data/app-data.json>; rel=preload; as=fetch; crossorigin; nopush","Link: </page-data/using-typescript/page-data.json>; rel=preload; as=fetch; crossorigin; nopush"],"/404.html":["Link: </webpack-runtime-283c5d5db30033ae58ac.js>; rel=preload; as=script; nopush","Link: </framework-e886f61ee3e03a6355e5.js>; rel=preload; as=script; nopush","Link: </app-7a699b0a282633190fa8.js>; rel=preload; as=script; nopush","Link: </commons-0bf677381cade00165ef.js>; rel=preload; as=script; nopush","Link: </component---src-pages-404-js-87ed337f26418eca33df.js>; rel=preload; as=script; nopush","Link: </page-data/app-data.json>; rel=preload; as=fetch; crossorigin; nopush","Link: </page-data/404.html/page-data.json>; rel=preload; as=fetch; crossorigin; nopush"]}