{"/*":["X-Frame-Options: DENY","X-XSS-Protection: 1; mode=block","X-Content-Type-Options: nosniff","Referrer-Policy: same-origin"],"/styles.0252314f311d9aa9800a.css":["Cache-Control: public, max-age=31536000, immutable"],"/commons-0bf677381cade00165ef.js":["Cache-Control: public, max-age=31536000, immutable"],"/component---src-pages-404-js-87ed337f26418eca33df.js":["Cache-Control: public, max-age=31536000, immutable"],"/component---src-pages-index-js-5f8ba093d2c5b70376ac.js":["Cache-Control: public, max-age=31536000, immutable"],"/component---src-pages-page-2-js-4bebeb4b10d0d8bfe8e7.js":["Cache-Control: public, max-age=31536000, immutable"],"/component---src-pages-using-typescript-tsx-e57aa43080a30b22226a.js":["Cache-Control: public, max-age=31536000, immutable"],"/webpack-runtime-445ead88cb83c4c6ad20.js":["Cache-Control: public, max-age=31536000, immutable"],"/framework-89ddeb149991009fa125.js":["Cache-Control: public, max-age=31536000, immutable"],"/app-ef173b8675faa7406126.js":["Cache-Control: public, max-age=31536000, immutable"],"/static/*":["Cache-Control: public, max-age=31536000, immutable"],"/sw.js":["Cache-Control: public, max-age=0, must-revalidate"],"/404/":["Link: </webpack-runtime-445ead88cb83c4c6ad20.js>; rel=preload; as=script; nopush","Link: </framework-89ddeb149991009fa125.js>; rel=preload; as=script; nopush","Link: </app-ef173b8675faa7406126.js>; rel=preload; as=script; nopush","Link: </commons-0bf677381cade00165ef.js>; rel=preload; as=script; nopush","Link: </component---src-pages-404-js-87ed337f26418eca33df.js>; rel=preload; as=script; nopush","Link: </page-data/app-data.json>; rel=preload; as=fetch; crossorigin; nopush","Link: </page-data/404/page-data.json>; rel=preload; as=fetch; crossorigin; nopush"],"/":["Link: </webpack-runtime-445ead88cb83c4c6ad20.js>; rel=preload; as=script; nopush","Link: </framework-89ddeb149991009fa125.js>; rel=preload; as=script; nopush","Link: </app-ef173b8675faa7406126.js>; rel=preload; as=script; nopush","Link: </commons-0bf677381cade00165ef.js>; rel=preload; as=script; nopush","Link: </component---src-pages-index-js-5f8ba093d2c5b70376ac.js>; rel=preload; as=script; nopush","Link: </page-data/app-data.json>; rel=preload; as=fetch; crossorigin; nopush","Link: </page-data/index/page-data.json>; rel=preload; as=fetch; crossorigin; nopush"],"/page-2/":["Link: </webpack-runtime-445ead88cb83c4c6ad20.js>; rel=preload; as=script; nopush","Link: </framework-89ddeb149991009fa125.js>; rel=preload; as=script; nopush","Link: </app-ef173b8675faa7406126.js>; rel=preload; as=script; nopush","Link: </commons-0bf677381cade00165ef.js>; rel=preload; as=script; nopush","Link: </component---src-pages-page-2-js-4bebeb4b10d0d8bfe8e7.js>; rel=preload; as=script; nopush","Link: </page-data/app-data.json>; rel=preload; as=fetch; crossorigin; nopush","Link: </page-data/page-2/page-data.json>; rel=preload; as=fetch; crossorigin; nopush"],"/using-typescript/":["Link: </webpack-runtime-445ead88cb83c4c6ad20.js>; rel=preload; as=script; nopush","Link: </framework-89ddeb149991009fa125.js>; rel=preload; as=script; nopush","Link: </app-ef173b8675faa7406126.js>; rel=preload; as=script; nopush","Link: </commons-0bf677381cade00165ef.js>; rel=preload; as=script; nopush","Link: </component---src-pages-using-typescript-tsx-e57aa43080a30b22226a.js>; rel=preload; as=script; nopush","Link: </page-data/app-data.json>; rel=preload; as=fetch; crossorigin; nopush","Link: </page-data/using-typescript/page-data.json>; rel=preload; as=fetch; crossorigin; nopush"],"/404.html":["Link: </webpack-runtime-445ead88cb83c4c6ad20.js>; rel=preload; as=script; nopush","Link: </framework-89ddeb149991009fa125.js>; rel=preload; as=script; nopush","Link: </app-ef173b8675faa7406126.js>; rel=preload; as=script; nopush","Link: </commons-0bf677381cade00165ef.js>; rel=preload; as=script; nopush","Link: </component---src-pages-404-js-87ed337f26418eca33df.js>; rel=preload; as=script; nopush","Link: </page-data/app-data.json>; rel=preload; as=fetch; crossorigin; nopush","Link: </page-data/404.html/page-data.json>; rel=preload; as=fetch; crossorigin; nopush"]}