{"namedChunkGroups":{"polyfill":{"name":"polyfill","assets":[{"name":"webpack-runtime-b4a3836dcebbdca3a2da.js","size":5200},{"name":"polyfill-72b219bae196683411be.js","size":82649}],"filteredAssets":0,"assetsSize":87849,"filteredAuxiliaryAssets":2,"auxiliaryAssetsSize":221661},"app":{"name":"app","assets":[{"name":"webpack-runtime-b4a3836dcebbdca3a2da.js","size":5200},{"name":"framework-e886f61ee3e03a6355e5.js","size":129941},{"name":"app-7a699b0a282633190fa8.js","size":68327}],"filteredAssets":0,"assetsSize":203468,"filteredAuxiliaryAssets":3,"auxiliaryAssetsSize":653135},"component---src-pages-404-js":{"name":"component---src-pages-404-js","assets":[{"name":"styles.5d195614943b25138486.css","size":22225},{"name":"commons-0bf677381cade00165ef.js","size":16037},{"name":"component---src-pages-404-js-87ed337f26418eca33df.js","size":485}],"filteredAssets":0,"assetsSize":38747,"filteredAuxiliaryAssets":12,"auxiliaryAssetsSize":10468980},"component---src-pages-index-js":{"name":"component---src-pages-index-js","assets":[{"name":"styles.5d195614943b25138486.css","size":22225},{"name":"1bfc9850-7e965aec1cd6725eba17.js","size":1237},{"name":"1a48c3c1-fc816a3413390d05b189.js","size":668},{"name":"d7eeaac4-bd2b7ded11bdea622644.js","size":667},{"name":"commons-0bf677381cade00165ef.js","size":16037},{"name":"component---src-pages-index-js-663f856b0669703e2e4c.js","size":219230}],"filteredAssets":0,"assetsSize":260064,"filteredAuxiliaryAssets":31,"auxiliaryAssetsSize":63912336},"component---src-pages-page-2-js":{"name":"component---src-pages-page-2-js","assets":[{"name":"styles.5d195614943b25138486.css","size":22225},{"name":"commons-0bf677381cade00165ef.js","size":16037},{"name":"component---src-pages-page-2-js-4bebeb4b10d0d8bfe8e7.js","size":522}],"filteredAssets":0,"assetsSize":38784,"filteredAuxiliaryAssets":12,"auxiliaryAssetsSize":10469081},"component---src-pages-using-typescript-tsx":{"name":"component---src-pages-using-typescript-tsx","assets":[{"name":"styles.5d195614943b25138486.css","size":22225},{"name":"commons-0bf677381cade00165ef.js","size":16037},{"name":"component---src-pages-using-typescript-tsx-e57aa43080a30b22226a.js","size":1333}],"filteredAssets":0,"assetsSize":39595,"filteredAuxiliaryAssets":12,"auxiliaryAssetsSize":10470472}},"assetsByChunkName":{"polyfill":["webpack-runtime-b4a3836dcebbdca3a2da.js","polyfill-72b219bae196683411be.js"],"app":["webpack-runtime-b4a3836dcebbdca3a2da.js","framework-e886f61ee3e03a6355e5.js","app-7a699b0a282633190fa8.js"],"component---src-pages-404-js":["styles.5d195614943b25138486.css","commons-0bf677381cade00165ef.js","component---src-pages-404-js-87ed337f26418eca33df.js"],"component---src-pages-index-js":["styles.5d195614943b25138486.css","1bfc9850-7e965aec1cd6725eba17.js","1a48c3c1-fc816a3413390d05b189.js","d7eeaac4-bd2b7ded11bdea622644.js","commons-0bf677381cade00165ef.js","component---src-pages-index-js-663f856b0669703e2e4c.js"],"component---src-pages-page-2-js":["styles.5d195614943b25138486.css","commons-0bf677381cade00165ef.js","component---src-pages-page-2-js-4bebeb4b10d0d8bfe8e7.js"],"component---src-pages-using-typescript-tsx":["styles.5d195614943b25138486.css","commons-0bf677381cade00165ef.js","component---src-pages-using-typescript-tsx-e57aa43080a30b22226a.js"]},"childAssetsByChunkName":{}}