{"namedChunkGroups":{"polyfill":{"name":"polyfill","assets":[{"name":"webpack-runtime-445ead88cb83c4c6ad20.js","size":5074},{"name":"polyfill-72b219bae196683411be.js","size":82649}],"filteredAssets":0,"assetsSize":87723,"filteredAuxiliaryAssets":2,"auxiliaryAssetsSize":221433},"app":{"name":"app","assets":[{"name":"webpack-runtime-445ead88cb83c4c6ad20.js","size":5074},{"name":"framework-89ddeb149991009fa125.js","size":128977},{"name":"app-ef173b8675faa7406126.js","size":68299}],"filteredAssets":0,"assetsSize":202350,"filteredAuxiliaryAssets":3,"auxiliaryAssetsSize":651662},"component---src-pages-404-js":{"name":"component---src-pages-404-js","assets":[{"name":"styles.0252314f311d9aa9800a.css","size":18977},{"name":"commons-0bf677381cade00165ef.js","size":16037},{"name":"component---src-pages-404-js-87ed337f26418eca33df.js","size":485}],"filteredAssets":0,"assetsSize":35499,"filteredAuxiliaryAssets":11,"auxiliaryAssetsSize":14001062},"component---src-pages-index-js":{"name":"component---src-pages-index-js","assets":[{"name":"styles.0252314f311d9aa9800a.css","size":18977},{"name":"commons-0bf677381cade00165ef.js","size":16037},{"name":"component---src-pages-index-js-5f8ba093d2c5b70376ac.js","size":184515}],"filteredAssets":0,"assetsSize":219529,"filteredAuxiliaryAssets":23,"auxiliaryAssetsSize":44277699},"component---src-pages-page-2-js":{"name":"component---src-pages-page-2-js","assets":[{"name":"styles.0252314f311d9aa9800a.css","size":18977},{"name":"commons-0bf677381cade00165ef.js","size":16037},{"name":"component---src-pages-page-2-js-4bebeb4b10d0d8bfe8e7.js","size":522}],"filteredAssets":0,"assetsSize":35536,"filteredAuxiliaryAssets":11,"auxiliaryAssetsSize":14001163},"component---src-pages-using-typescript-tsx":{"name":"component---src-pages-using-typescript-tsx","assets":[{"name":"styles.0252314f311d9aa9800a.css","size":18977},{"name":"commons-0bf677381cade00165ef.js","size":16037},{"name":"component---src-pages-using-typescript-tsx-e57aa43080a30b22226a.js","size":1333}],"filteredAssets":0,"assetsSize":36347,"filteredAuxiliaryAssets":11,"auxiliaryAssetsSize":14002554}},"assetsByChunkName":{"polyfill":["webpack-runtime-445ead88cb83c4c6ad20.js","polyfill-72b219bae196683411be.js"],"app":["webpack-runtime-445ead88cb83c4c6ad20.js","framework-89ddeb149991009fa125.js","app-ef173b8675faa7406126.js"],"component---src-pages-404-js":["styles.0252314f311d9aa9800a.css","commons-0bf677381cade00165ef.js","component---src-pages-404-js-87ed337f26418eca33df.js"],"component---src-pages-index-js":["styles.0252314f311d9aa9800a.css","commons-0bf677381cade00165ef.js","component---src-pages-index-js-5f8ba093d2c5b70376ac.js"],"component---src-pages-page-2-js":["styles.0252314f311d9aa9800a.css","commons-0bf677381cade00165ef.js","component---src-pages-page-2-js-4bebeb4b10d0d8bfe8e7.js"],"component---src-pages-using-typescript-tsx":["styles.0252314f311d9aa9800a.css","commons-0bf677381cade00165ef.js","component---src-pages-using-typescript-tsx-e57aa43080a30b22226a.js"]},"childAssetsByChunkName":{}}