{"namedChunkGroups":{"polyfill":{"name":"polyfill","assets":[{"name":"webpack-runtime-283c5d5db30033ae58ac.js","size":5200},{"name":"polyfill-72b219bae196683411be.js","size":82649}],"filteredAssets":0,"assetsSize":87849,"filteredAuxiliaryAssets":2,"auxiliaryAssetsSize":221661},"app":{"name":"app","assets":[{"name":"webpack-runtime-283c5d5db30033ae58ac.js","size":5200},{"name":"framework-e886f61ee3e03a6355e5.js","size":129941},{"name":"app-7a699b0a282633190fa8.js","size":68327}],"filteredAssets":0,"assetsSize":203468,"filteredAuxiliaryAssets":3,"auxiliaryAssetsSize":653135},"component---src-pages-404-js":{"name":"component---src-pages-404-js","assets":[{"name":"styles.782ee19a23fd541c41b0.css","size":22324},{"name":"commons-0bf677381cade00165ef.js","size":16037},{"name":"component---src-pages-404-js-87ed337f26418eca33df.js","size":485}],"filteredAssets":0,"assetsSize":38846,"filteredAuxiliaryAssets":12,"auxiliaryAssetsSize":7935658},"component---src-pages-index-js":{"name":"component---src-pages-index-js","assets":[{"name":"styles.782ee19a23fd541c41b0.css","size":22324},{"name":"1bfc9850-7e965aec1cd6725eba17.js","size":1237},{"name":"1a48c3c1-fc816a3413390d05b189.js","size":668},{"name":"d7eeaac4-bd2b7ded11bdea622644.js","size":667},{"name":"commons-0bf677381cade00165ef.js","size":16037},{"name":"component---src-pages-index-js-4a2a75a8873e2ce0ed70.js","size":218675}],"filteredAssets":0,"assetsSize":259608,"filteredAuxiliaryAssets":31,"auxiliaryAssetsSize":61379049},"component---src-pages-page-2-js":{"name":"component---src-pages-page-2-js","assets":[{"name":"styles.782ee19a23fd541c41b0.css","size":22324},{"name":"commons-0bf677381cade00165ef.js","size":16037},{"name":"component---src-pages-page-2-js-4bebeb4b10d0d8bfe8e7.js","size":522}],"filteredAssets":0,"assetsSize":38883,"filteredAuxiliaryAssets":12,"auxiliaryAssetsSize":7935759},"component---src-pages-using-typescript-tsx":{"name":"component---src-pages-using-typescript-tsx","assets":[{"name":"styles.782ee19a23fd541c41b0.css","size":22324},{"name":"commons-0bf677381cade00165ef.js","size":16037},{"name":"component---src-pages-using-typescript-tsx-e57aa43080a30b22226a.js","size":1333}],"filteredAssets":0,"assetsSize":39694,"filteredAuxiliaryAssets":12,"auxiliaryAssetsSize":7937150}},"assetsByChunkName":{"polyfill":["webpack-runtime-283c5d5db30033ae58ac.js","polyfill-72b219bae196683411be.js"],"app":["webpack-runtime-283c5d5db30033ae58ac.js","framework-e886f61ee3e03a6355e5.js","app-7a699b0a282633190fa8.js"],"component---src-pages-404-js":["styles.782ee19a23fd541c41b0.css","commons-0bf677381cade00165ef.js","component---src-pages-404-js-87ed337f26418eca33df.js"],"component---src-pages-index-js":["styles.782ee19a23fd541c41b0.css","1bfc9850-7e965aec1cd6725eba17.js","1a48c3c1-fc816a3413390d05b189.js","d7eeaac4-bd2b7ded11bdea622644.js","commons-0bf677381cade00165ef.js","component---src-pages-index-js-4a2a75a8873e2ce0ed70.js"],"component---src-pages-page-2-js":["styles.782ee19a23fd541c41b0.css","commons-0bf677381cade00165ef.js","component---src-pages-page-2-js-4bebeb4b10d0d8bfe8e7.js"],"component---src-pages-using-typescript-tsx":["styles.782ee19a23fd541c41b0.css","commons-0bf677381cade00165ef.js","component---src-pages-using-typescript-tsx-e57aa43080a30b22226a.js"]},"childAssetsByChunkName":{}}